,Channel_1,Channel_2,Channel_3,Channel_4,Channel_5,Channel_6,Channel_7,Channel_8,Thumb_tip_x,Thumb_tip_y,Thumb_tip_z,Index_tip_x,Index_tip_y,Index_tip_z,Middle_tip_x,Middle_tip_y,Middle_tip_z,Ring_tip_x,Ring_tip_y,Ring_tip_z,Pinky_tip_x,Pinky_tip_y,Pinky_tip_z,Palm_tip_x,Palm_tip_y,Palm_tip_z
0,38,137,252,47,82,37,49,26,-28.319761276245117,-16.640947341918945,7.863629341125488,27.437408447265625,49.541229248046875,26.728242874145508,1.2102704048156738,-48.54864501953125,-65.83277893066406,-60.90451431274414,-45.73752975463867,32.7165412902832,142.40760803222656,179.2588348388672,161.40403747558594,142.3592529296875,131.0866241455078,153.19093322753906
1,37,193,241,56,110,46,66,26,-29.013015747070312,-17.264144897460938,5.860700607299805,27.387218475341797,49.31679916381836,26.27837562561035,1.9836044311523438,-48.36284255981445,-64.78984832763672,-60.724517822265625,-45.20817947387695,32.82634353637695,143.01345825195312,180.12510681152344,159.3756561279297,144.40628051757812,132.45962524414062,154.22412109375
2,36,231,240,61,127,50,77,29,-30.757152557373047,-19.586366653442383,4.391294479370117,29.290740966796875,50.993412017822266,25.632774353027344,3.7798168659210205,-47.90340042114258,-63.74889373779297,-60.84870147705078,-44.49504470825195,33.189918518066406,144.61573791503906,177.18711853027344,158.77825927734375,152.64544677734375,139.67018127441406,156.4578094482422
3,40,270,233,65,147,58,87,32,-31.53371238708496,-21.16720199584961,4.258286952972412,30.885456085205078,52.751991271972656,25.501184463500977,4.621884346008301,-47.2359619140625,-63.42716979980469,-60.82461166381836,-44.13473892211914,33.59032440185547,145.41004943847656,172.66587829589844,159.36375427246094,158.00779724121094,145.0794677734375,157.67135620117188
4,43,299,192,68,160,65,89,33,-32.038169860839844,-22.58087730407715,4.349036693572998,32.20550537109375,54.245243072509766,25.599796295166016,5.268774032592773,-45.96442794799805,-63.14357376098633,-60.604068756103516,-43.691768646240234,34.11673355102539,145.99803161621094,167.03091430664062,160.5582733154297,162.91970825195312,150.04237365722656,158.9403076171875
5,42,311,176,68,171,69,91,34,-32.368412017822266,-23.440622329711914,4.649363040924072,33.0537223815918,55.18547058105469,25.69761848449707,5.767874240875244,-44.53561019897461,-62.92859649658203,-60.291568756103516,-43.27894592285156,34.596134185791016,146.44659423828125,162.55384826660156,162.58062744140625,166.75759887695312,153.7460479736328,159.91127014160156
6,44,316,188,63,172,71,89,38,-32.6221809387207,-23.925662994384766,5.092881202697754,33.41532897949219,55.670101165771484,25.676607131958008,6.189770221710205,-43.450538635253906,-62.79281234741211,-60.03346252441406,-42.9718017578125,34.91659164428711,146.83984375,159.87632751464844,165.13909912109375,169.17788696289062,156.0593719482422,160.51571655273438
7,46,327,176,64,178,74,88,37,-32.864524841308594,-24.170875549316406,5.614485263824463,33.5665283203125,55.88191223144531,25.624919891357422,6.60130500793457,-42.891822814941406,-62.71962356567383,-59.85271453857422,-42.79252624511719,35.06943893432617,147.2506103515625,158.99380493164062,167.790283203125,170.5596160888672,157.28134155273438,160.7144317626953
8,43,330,120,58,174,70,86,36,-33.39513397216797,-24.319387435913086,6.473734378814697,33.594825744628906,55.80583190917969,25.496532440185547,7.47727108001709,-42.78165817260742,-62.65975570678711,-59.68972396850586,-42.67565155029297,35.14847946166992,148.19268798828125,160.01168823242188,172.4283905029297,171.37448120117188,157.73158264160156,160.59864807128906
9,39,305,109,51,161,66,81,36,-33.529056549072266,-24.13861083984375,6.832140922546387,33.566036224365234,55.44847869873047,25.382699966430664,7.687399864196777,-43.28860092163086,-62.57988357543945,-59.61492919921875,-42.584320068359375,35.27965545654297,148.42625427246094,163.41136169433594,174.80345153808594,171.16184997558594,157.0721893310547,160.51646423339844
10,44,277,116,53,139,59,74,34,-33.622562408447266,-23.61857795715332,7.193131446838379,33.32766342163086,54.539432525634766,25.230012893676758,7.833859443664551,-43.970420837402344,-62.423126220703125,-59.47288131713867,-42.33572006225586,35.584190368652344,148.58782958984375,169.61752319335938,176.99041748046875,170.13864135742188,155.34927368164062,160.5062713623047
11,42,239,103,52,118,50,63,33,-33.701847076416016,-22.565120697021484,7.551791667938232,32.494728088378906,53.02299880981445,25.044836044311523,7.964770793914795,-44.274410247802734,-62.190860748291016,-59.06423568725586,-41.745887756347656,36.159584045410156,148.73426818847656,176.95132446289062,178.40147399902344,167.51092529296875,152.45118713378906,160.64163208007812
12,42,187,128,47,91,41,50,31,-33.78687286376953,-21.27283477783203,7.776714324951172,30.2919864654541,51.30302429199219,24.9130859375,8.119195938110352,-44.158382415771484,-61.95125961303711,-58.03820037841797,-40.85076904296875,36.817039489746094,148.91122436523438,182.54359436035156,178.8509063720703,162.00291442871094,149.2131805419922,160.95849609375
13,44,123,203,47,62,33,37,30,-33.878482818603516,-20.086790084838867,7.868566513061523,27.78376579284668,49.99247360229492,24.782588958740234,8.289884567260742,-43.957523345947266,-61.801116943359375,-56.6559944152832,-39.99699020385742,37.31749725341797,149.11337280273438,186.34925842285156,178.8616485595703,156.82728576660156,146.762451171875,161.29006958007812
14,50,118,313,57,52,32,30,30,-34.01552963256836,-18.82839012145996,7.3376922607421875,26.13552474975586,48.92206573486328,24.631921768188477,8.549674034118652,-43.79944610595703,-61.41577911376953,-55.422576904296875,-39.03116226196289,37.74232864379883,149.4050750732422,189.77586364746094,177.50350952148438,153.38446044921875,144.6000213623047,161.5943603515625
15,47,118,353,55,55,36,29,30,-34.06675338745117,-18.813207626342773,5.968176364898682,26.382749557495117,48.99855422973633,24.522319793701172,8.640435218811035,-43.816890716552734,-60.83964920043945,-55.50254821777344,-38.916996002197266,37.8215217590332,149.5016632080078,189.93287658691406,174.20237731933594,154.00674438476562,144.6221160888672,161.7630157470703
16,47,115,372,60,55,38,29,31,-34.13758850097656,-19.092666625976562,4.356693744659424,26.979114532470703,49.436729431152344,24.319732666015625,8.750344276428223,-43.890682220458984,-60.04867935180664,-55.71952819824219,-38.88704299926758,37.855133056640625,149.62046813964844,189.4383544921875,170.24539184570312,155.4889678955078,145.28463745117188,162.0228271484375
17,48,117,387,61,54,41,31,32,-34.24090576171875,-19.741775512695312,3.4504308700561523,27.968645095825195,50.2249755859375,24.126453399658203,8.892656326293945,-44.02785110473633,-59.55001449584961,-56.03844451904297,-38.937171936035156,37.85205078125,149.77999877929688,187.56558227539062,167.93182373046875,157.9618682861328,146.75852966308594,162.35018920898438
18,45,109,357,63,51,42,31,32,-34.383975982666016,-21.004594802856445,3.0624687671661377,29.186513900756836,51.27065658569336,23.94713592529297,9.07458209991455,-44.075531005859375,-59.324893951416016,-56.377681732177734,-39.03886795043945,37.82674026489258,149.9894561767578,183.45169067382812,166.95355224609375,161.1563720703125,148.9947052001953,162.67161560058594
19,42,93,275,58,47,37,31,32,-34.53239059448242,-22.66154670715332,3.000668525695801,30.4210147857666,52.43402099609375,23.88874053955078,9.264573097229004,-43.68551254272461,-59.266632080078125,-56.64767074584961,-39.13973617553711,37.86481475830078,150.20030212402344,177.54849243164062,166.88926696777344,164.79786682128906,151.8330078125,163.10263061523438
20,42,86,228,60,51,36,31,35,-34.632225036621094,-24.108875274658203,3.289267063140869,31.551639556884766,53.56793212890625,23.926095962524414,9.402057647705078,-42.743385314941406,-59.34497833251953,-56.757469177246094,-39.175682067871094,38.03505325317383,150.34201049804688,171.5772247314453,167.94091796875,168.64993286132812,154.93565368652344,163.52798461914062
21,42,84,195,58,50,35,30,33,-34.681522369384766,-25.047588348388672,3.7857704162597656,32.420108795166016,54.584373474121094,23.957664489746094,9.475563049316406,-41.67905044555664,-59.470542907714844,-56.70613098144531,-39.136390686035156,38.2431526184082,150.41355895996094,167.44354248046875,169.77658081054688,172.05648803710938,157.88182067871094,163.83180236816406
22,45,79,145,56,50,33,28,35,-34.72083282470703,-25.728763580322266,4.987687110900879,33.21749496459961,55.98497772216797,23.82651710510254,9.536589622497559,-40.75685501098633,-59.734886169433594,-56.5115966796875,-39.01857376098633,38.37223815917969,150.4723663330078,164.66122436523438,174.406494140625,176.214111328125,161.69422912597656,163.94729614257812
23,46,78,139,55,51,33,31,36,-34.74433135986328,-25.84090232849121,5.435799598693848,33.314064025878906,56.3131103515625,23.629642486572266,9.57051944732666,-40.814395904541016,-59.81991958618164,-56.452003479003906,-38.995704650878906,38.32693862915039,150.50723266601562,165.09854125976562,176.6649169921875,177.04116821289062,162.5517578125,163.8477020263672
24,46,93,117,53,54,37,30,36,-34.7598762512207,-25.970060348510742,5.760550498962402,33.298240661621094,56.37783432006836,23.337387084960938,9.590533256530762,-41.315181732177734,-59.86661911010742,-56.46123504638672,-39.03907775878906,38.19359588623047,150.52857971191406,168.18243408203125,179.01788330078125,177.3588409423828,162.8148651123047,163.61077880859375
25,44,95,92,50,48,33,29,33,-34.777374267578125,-25.867862701416016,6.057179927825928,33.03255844116211,56.14080047607422,22.998414993286133,9.6102933883667,-42.0286979675293,-59.88037109375,-56.54860305786133,-39.1475715637207,38.07057189941406,150.54922485351562,174.16244506835938,181.42112731933594,176.89527893066406,162.36688232421875,163.34263610839844
26,43,91,76,44,45,30,29,33,-34.80604934692383,-25.26884651184082,6.3147873878479,32.42293167114258,55.48410415649414,22.74616813659668,9.64039134979248,-42.432491302490234,-59.856056213378906,-56.65645217895508,-39.24165344238281,38.09009552001953,150.5759735107422,181.09959411621094,183.3936767578125,175.44570922851562,161.0526580810547,163.2146759033203
27,41,96,100,44,45,29,33,35,-34.85199737548828,-24.3262996673584,6.434391975402832,31.021482467651367,54.16907501220703,22.603261947631836,9.690409660339355,-42.34070587158203,-59.78666687011719,-56.624996185302734,-39.20569610595703,38.28270721435547,150.60923767089844,186.91268920898438,184.57321166992188,172.1815643310547,158.68992614746094,163.22071838378906
28,41,108,201,49,49,30,30,33,-34.98571014404297,-22.375272750854492,6.401498317718506,25.08929443359375,49.50314712524414,22.238956451416016,9.854024887084961,-41.602046966552734,-59.591514587402344,-54.79204177856445,-38.23752975463867,39.00930404663086,150.71730041503906,194.06556701660156,185.22320556640625,159.0366973876953,151.26026916503906,163.46630859375
29,39,105,250,56,49,29,31,35,-35.04680252075195,-21.63419532775879,6.272985458374023,22.72047996520996,47.717491149902344,22.03828239440918,9.929118156433105,-41.48284149169922,-59.544593811035156,-53.71815490722656,-37.724334716796875,39.145145416259766,150.7722930908203,196.0530242919922,185.06649780273438,155.02113342285156,148.657958984375,163.55902099609375
30,42,116,335,63,59,36,31,38,-35.10660171508789,-21.23067283630371,5.8026123046875,22.06316375732422,46.81252670288086,21.909313201904297,10.000253677368164,-41.51670837402344,-59.524436950683594,-53.46027374267578,-37.456459045410156,39.144386291503906,150.82432556152344,196.98146057128906,184.3439178466797,154.0723876953125,147.34918212890625,163.59144592285156
31,45,120,346,63,64,41,30,40,-35.189537048339844,-21.329261779785156,3.683960437774658,22.140525817871094,46.51681900024414,21.709041595458984,10.089290618896484,-41.72816467285156,-59.27862548828125,-53.644222259521484,-37.38108825683594,39.03727340698242,150.89378356933594,196.90713500976562,179.66033935546875,154.61569213867188,146.99696350097656,163.67530822753906
32,42,116,355,65,63,40,27,38,-35.33185577392578,-21.59172821044922,0.9420803785324097,23.10777473449707,46.790462493896484,21.50020980834961,10.224254608154297,-41.941871643066406,-58.65196990966797,-54.222023010253906,-37.45197296142578,38.89952850341797,151.01429748535156,196.3595428466797,173.29345703125,156.90296936035156,147.57200622558594,163.7950439453125
33,40,104,335,60,59,42,30,38,-35.56544494628906,-22.438554763793945,-0.39390110969543457,24.562238693237305,47.57289505004883,21.348447799682617,10.431841850280762,-42.43367385864258,-58.3068733215332,-54.872928619384766,-37.618289947509766,38.78507995605469,151.2156219482422,193.53829956054688,169.98236083984375,160.21292114257812,149.02552795410156,164.02137756347656
34,37,93,308,55,58,42,30,36,-35.875709533691406,-23.953880310058594,-0.7363196611404419,26.019872665405273,48.77530288696289,21.307239532470703,10.707587242126465,-42.88359069824219,-58.26097869873047,-55.38568878173828,-37.84858322143555,38.71725845336914,151.49610900878906,187.8692626953125,168.8977508544922,163.61776733398438,151.3000946044922,164.25076293945312
35,38,91,223,49,51,36,30,32,-36.444393157958984,-28.328392028808594,-0.019742408767342567,28.631237030029297,51.460147857666016,21.41343879699707,11.249716758728027,-41.229244232177734,-58.62628173828125,-55.96324157714844,-38.21906280517578,38.77280807495117,152.03919982910156,171.21351623535156,170.68515014648438,170.3272247314453,156.75502014160156,164.57821655273438
36,38,92,216,55,51,33,28,33,-36.579532623291016,-29.326663970947266,0.6503127217292786,29.444311141967773,52.46676254272461,21.523590087890625,11.392326354980469,-39.937232971191406,-58.833927154541016,-55.989871978759766,-38.28195571899414,38.872379302978516,152.17208862304688,166.4915313720703,172.5840301513672,173.1585693359375,159.09332275390625,164.67027282714844
37,42,97,193,51,49,34,27,31,-36.67671203613281,-29.67812156677246,1.2410260438919067,29.82493019104004,53.171016693115234,21.51615333557129,11.496590614318848,-39.39997100830078,-58.99623489379883,-55.969120025634766,-38.31190490722656,38.89348602294922,152.27122497558594,164.91546630859375,174.3071746826172,174.80030822753906,160.72396850585938,164.66273498535156
38,42,107,140,49,50,29,22,31,-36.779850006103516,-29.75469398498535,1.7620095014572144,29.908695220947266,53.59812927246094,21.414072036743164,11.60486125946045,-39.3516731262207,-59.11488723754883,-55.9069938659668,-38.30630111694336,38.89708709716797,152.3731231689453,164.76449584960938,176.02154541015625,175.7375030517578,161.7899932861328,164.53521728515625
39,45,113,122,48,48,30,24,32,-36.8399658203125,-29.817724227905273,2.229074716567993,29.90546226501465,53.7755241394043,21.2010440826416,11.663525581359863,-39.60148239135742,-59.19080352783203,-55.85771179199219,-38.31779098510742,38.81517791748047,152.43051147460938,165.92185974121094,178.045654296875,176.3214569091797,162.380126953125,164.2276611328125
40,41,114,102,45,44,30,26,31,-36.881771087646484,-29.765331268310547,2.6993257999420166,29.735387802124023,53.66030502319336,20.90804100036621,11.699694633483887,-40.34891128540039,-59.22596740722656,-55.868587493896484,-38.385826110839844,38.661537170410156,152.46731567382812,170.0716094970703,180.60914611816406,176.48849487304688,162.3345184326172,163.7917022705078
41,36,109,76,35,39,31,26,27,-36.99382019042969,-27.865501403808594,3.328219413757324,28.245311737060547,51.99854278564453,20.423154830932617,11.782235145568848,-41.57353591918945,-59.06002426147461,-55.90202713012695,-38.434593200683594,38.76763153076172,152.5361785888672,184.21913146972656,185.03013610839844,174.3515167236328,159.80296325683594,163.43209838867188
42,35,114,78,37,40,31,27,28,-37.07477951049805,-26.371471405029297,3.486199378967285,26.165666580200195,49.69596862792969,20.210935592651367,11.84238338470459,-41.172760009765625,-58.7834587097168,-55.43088150024414,-37.99726486206055,39.3351936340332,152.5758819580078,189.8809814453125,186.10472106933594,170.47364807128906,156.55157470703125,163.49176025390625
43,37,112,97,40,39,34,27,27,-37.173980712890625,-24.625696182250977,3.6382954120635986,23.506996154785156,46.32780075073242,19.989253997802734,11.92863941192627,-40.26637268066406,-58.3748664855957,-54.146392822265625,-36.76701736450195,40.34407424926758,152.63922119140625,194.20843505859375,186.62620544433594,165.0684356689453,152.0625457763672,163.6322021484375
44,33,108,149,37,40,32,24,25,-37.272029876708984,-23.302316665649414,3.700162410736084,20.591018676757812,43.55428695678711,19.661762237548828,12.017014503479004,-39.71837615966797,-58.11798858642578,-52.45199203491211,-35.54021453857422,40.90253448486328,152.7130126953125,197.4703826904297,186.80984497070312,159.14376831054688,148.57203674316406,163.7793731689453
45,35,100,190,38,45,33,23,28,-37.44626235961914,-21.63347816467285,3.5523617267608643,17.545352935791016,41.02122497558594,19.576473236083984,12.187685012817383,-39.21227264404297,-57.846458435058594,-50.34965896606445,-34.06566619873047,41.44997024536133,152.86265563964844,201.0652618408203,186.69003295898438,154.00306701660156,145.47381591796875,164.4285125732422
46,45,115,333,56,55,34,29,34,-37.52054977416992,-21.426633834838867,2.5895581245422363,17.352500915527344,40.77153778076172,19.524293899536133,12.26070499420166,-39.275917053222656,-57.55844497680664,-50.12350082397461,-33.78780746459961,41.49275207519531,152.92640686035156,201.46580505371094,185.18658447265625,153.73577880859375,145.1847686767578,164.70162963867188
47,43,106,337,56,55,34,27,34,-37.61239242553711,-21.46404266357422,0.1460617631673813,17.55824851989746,40.9073600769043,19.500537872314453,12.346098899841309,-39.376468658447266,-56.80943298339844,-50.19416046142578,-33.72233963012695,41.45367431640625,153.0054473876953,201.45663452148438,180.5284423828125,154.35003662109375,145.5140838623047,164.90786743164062
48,41,106,358,56,56,34,30,35,-37.756622314453125,-22.037109375,-2.5776801109313965,18.198501586914062,41.53635787963867,19.40851402282715,12.467880249023438,-39.8757438659668,-55.79876708984375,-50.579498291015625,-33.87858581542969,41.29856491088867,153.13011169433594,199.6975555419922,174.494384765625,156.12965393066406,146.656005859375,165.12954711914062
49,49,106,357,59,57,35,31,35,-37.98982238769531,-24.09937858581543,-4.041196346282959,19.31737518310547,42.66910171508789,19.346223831176758,12.651274681091309,-40.738807678222656,-55.20720291137695,-51.17414093017578,-34.20034408569336,41.10825729370117,153.3340301513672,193.1457061767578,170.82705688476562,158.89979553222656,148.6277618408203,165.3750762939453
50,48,99,350,60,53,34,33,34,-38.28532791137695,-26.171627044677734,-4.420030117034912,20.997726440429688,44.176856994628906,19.31534767150879,12.870515823364258,-41.02627944946289,-55.10544967651367,-51.909767150878906,-34.60970687866211,40.90669250488281,153.58572387695312,185.77252197265625,169.54315185546875,162.58493041992188,151.3326416015625,165.61361694335938
51,43,84,235,50,40,30,29,29,-38.57944869995117,-27.85446548461914,-4.3404541015625,22.9952392578125,45.96483612060547,19.39533805847168,13.090182304382324,-40.6090087890625,-55.19502258300781,-52.5989875793457,-35.014225006103516,40.804779052734375,153.82415771484375,179.7285919189453,169.3169708251953,166.7276153564453,154.59686279296875,165.9418182373047
52,42,84,229,52,38,29,28,29,-38.9280891418457,-30.47978973388672,-3.281550407409668,26.154420852661133,49.12801742553711,19.549846649169922,13.364367485046387,-38.572200775146484,-55.793060302734375,-53.3228874206543,-35.52518844604492,40.791629791259766,154.10694885253906,170.34910583496094,171.53688049316406,173.88287353515625,160.56980895996094,166.2504425048828
53,41,83,185,51,36,25,28,27,-39.02095413208008,-30.886154174804688,-2.5749690532684326,26.987974166870117,50.12699890136719,19.583980560302734,13.440702438354492,-38.081363677978516,-56.12823486328125,-53.407958984375,-35.62483596801758,40.79788589477539,154.1863250732422,168.73985290527344,173.32437133789062,176.05007934570312,162.55128479003906,166.29733276367188
54,35,80,156,50,38,23,29,30,-39.11912536621094,-31.054868698120117,-1.9024556875228882,27.425996780395508,50.725982666015625,19.5850830078125,13.521820068359375,-37.892555236816406,-56.41661071777344,-53.43522262573242,-35.67374038696289,40.797325134277344,154.2725067138672,168.2865753173828,175.02122497558594,177.25091552734375,163.7554931640625,166.2980499267578
55,43,85,126,48,39,26,25,31,-39.23524475097656,-31.05914306640625,-1.3103827238082886,27.638437271118164,51.06538009643555,19.576122283935547,13.616856575012207,-37.91220474243164,-56.64069747924805,-53.42351150512695,-35.70023727416992,40.78013229370117,154.37225341796875,168.37030029296875,176.66749572753906,178.07403564453125,164.54928588867188,166.24400329589844
56,39,83,91,46,41,26,24,28,-39.323421478271484,-31.0765323638916,-0.8169017434120178,27.692935943603516,51.21124267578125,19.52580451965332,13.68660831451416,-38.218894958496094,-56.815155029296875,-53.42091751098633,-35.748348236083984,40.69790267944336,154.44561767578125,169.8270721435547,178.373291015625,178.63009643554688,165.03945922851562,166.0596923828125
57,43,96,82,43,42,30,26,29,-39.38739013671875,-30.995349884033203,-0.4360167980194092,27.589889526367188,51.109500885009766,19.387622833251953,13.73299789428711,-38.897239685058594,-56.964969635009766,-53.50907516479492,-35.8567008972168,40.479915618896484,154.49545288085938,173.81349182128906,180.4462432861328,178.81422424316406,164.98880004882812,165.5774688720703
58,45,94,79,41,44,31,23,30,-39.52791976928711,-29.646997451782227,0.23140937089920044,26.602277755737305,49.691707611083984,19.07065200805664,13.821417808532715,-39.73317337036133,-57.03392028808594,-53.689666748046875,-36.11223220825195,40.489051818847656,154.57704162597656,185.21766662597656,184.765625,176.8196563720703,162.48423767089844,164.83212280273438
59,42,95,80,43,40,31,23,28,-39.628841400146484,-28.517927169799805,0.5172889232635498,25.30132293701172,47.77494812011719,18.939130783081055,13.883063316345215,-39.4144287109375,-56.87377166748047,-53.472904205322266,-35.89786148071289,40.93914031982422,154.6137237548828,190.0487518310547,185.97055053710938,173.30398559570312,159.1475830078125,164.61376953125
60,35,97,111,43,37,31,24,26,-39.74722671508789,-27.242000579833984,0.7788857817649841,22.634109497070312,45.35325622558594,18.8116397857666,13.964126586914062,-38.896549224853516,-56.64022445678711,-52.549339294433594,-35.250545501708984,41.49211502075195,154.66055297851562,193.97564697265625,186.61146545410156,166.75587463378906,154.97265625,164.4788055419922
61,38,99,179,42,39,34,31,31,-39.85737609863281,-26.127227783203125,0.9806340932846069,20.0101261138916,43.19789123535156,18.777982711791992,14.047538757324219,-38.445045471191406,-56.432193756103516,-51.187095642089844,-34.40216064453125,41.93236541748047,154.71067810058594,196.76136779785156,186.9153289794922,160.936767578125,151.41757202148438,164.51202392578125
62,41,102,246,49,46,37,41,44,-39.91619110107422,-25.386798858642578,1.1027394533157349,18.770483016967773,41.853694915771484,18.7363224029541,14.09328556060791,-38.21189498901367,-56.29465866088867,-50.42120361328125,-33.74603271484375,42.117576599121094,154.7388153076172,198.539306640625,187.0651397705078,158.41091918945312,149.16612243652344,164.5301055908203
63,46,108,270,52,50,39,41,46,-39.952999114990234,-25.02534294128418,1.1712019443511963,18.410873413085938,41.21042251586914,18.700761795043945,14.121468544006348,-38.15179443359375,-56.21475601196289,-50.19474411010742,-33.4058723449707,42.123382568359375,154.7562713623047,199.4190216064453,187.15155029296875,157.7015838623047,148.02835083007812,164.52102661132812
64,48,117,297,52,57,40,42,47,-40.085636138916016,-25.487842559814453,1.0873043537139893,19.48639678955078,41.525020599365234,18.5570068359375,14.212583541870117,-38.645259857177734,-56.20153045654297,-50.91230010986328,-33.46115493774414,41.60839080810547,154.81875610351562,198.9929962158203,187.09347534179688,159.84408569335938,148.1807098388672,164.9254608154297
65,55,114,296,57,64,42,42,48,-40.085636138916016,-25.487842559814453,1.0873043537139893,19.48639678955078,41.525020599365234,18.5570068359375,14.212583541870117,-38.645259857177734,-56.20153045654297,-50.91230010986328,-33.46115493774414,41.60839080810547,154.81875610351562,198.9929962158203,187.09347534179688,159.84408569335938,148.1807098388672,164.9254608154297
66,53,113,264,55,68,41,38,45,-40.395408630371094,-28.396345138549805,0.6671406030654907,23.766767501831055,44.6984748840332,18.579870223999023,14.436126708984375,-40.04161071777344,-56.40744400024414,-52.84910202026367,-34.27863311767578,41.12310028076172,155.00180053710938,190.60018920898438,186.55911254882812,169.0056610107422,152.34353637695312,165.6937713623047
67,47,93,211,49,64,37,29,34,-40.61550521850586,-30.170738220214844,0.45851123332977295,25.658376693725586,47.11434555053711,18.637468338012695,14.612675666809082,-40.1884880065918,-56.51093673706055,-53.31489562988281,-34.8267936706543,41.06608581542969,155.1707000732422,184.06512451171875,186.26341247558594,173.22109985351562,156.0120849609375,165.78250122070312
68,41,84,184,48,59,36,30,32,-40.86402893066406,-31.33269500732422,0.2910502851009369,26.930931091308594,49.21971893310547,18.66411590576172,14.820627212524414,-39.911834716796875,-56.59777069091797,-53.44573974609375,-35.204742431640625,41.04973220825195,155.38905334472656,179.6011962890625,186.01487731933594,176.23536682128906,159.56060791015625,165.79501342773438
69,38,75,135,46,55,34,27,30,-41.12416458129883,-31.932174682617188,0.17771148681640625,27.652019500732422,50.67546463012695,18.679222106933594,15.0433931350708,-39.62748336791992,-56.66413497924805,-53.43391036987305,-35.372535705566406,41.04138946533203,155.63400268554688,177.34164428710938,185.84080505371094,178.03607177734375,162.26097106933594,165.78521728515625
70,23,81,122,45,50,33,29,28,-41.62161636352539,-32.31014633178711,0.07264971733093262,28.37580680847168,52.1708869934082,18.628089904785156,15.46641731262207,-39.42217254638672,-56.74922180175781,-53.2663688659668,-35.34103775024414,41.043521881103516,156.0882568359375,175.53489685058594,185.67843627929688,180.24801635742188,165.48056030273438,165.66195678710938
71,33,83,116,45,46,34,29,29,-41.847015380859375,-32.331783294677734,0.05410296842455864,28.483938217163086,52.53562545776367,18.499116897583008,15.64775276184082,-39.454532623291016,-56.7769889831543,-53.12525177001953,-35.24755096435547,41.050601959228516,156.26649475097656,175.32696533203125,185.6755828857422,180.99742126464844,166.36825561523438,165.44081115722656
72,39,102,104,46,48,33,27,27,-42.038455963134766,-32.37156295776367,0.06667692959308624,28.4781494140625,52.67806625366211,18.243019104003906,15.78658676147461,-39.517948150634766,-56.78934860229492,-52.99699783325195,-35.17686080932617,41.012046813964844,156.39918518066406,175.93490600585938,185.78302001953125,181.4420928955078,166.78707885742188,164.9906463623047
73,41,106,100,46,49,30,26,26,-42.213680267333984,-32.40665817260742,0.1211657002568245,28.242115020751953,52.52668762207031,17.98297691345215,15.896956443786621,-39.53866195678711,-56.77556610107422,-52.93059158325195,-35.18716812133789,40.99236297607422,156.4923095703125,178.0289764404297,186.0754852294922,181.32452392578125,166.49029541015625,164.49290466308594
74,44,105,84,44,53,36,29,24,-42.3991813659668,-32.19309616088867,0.2208968549966812,27.65427017211914,51.85704040527344,17.710159301757812,15.993402481079102,-39.498600006103516,-56.7352180480957,-52.95793151855469,-35.286678314208984,41.0127067565918,156.54373168945312,181.75482177734375,186.5574951171875,180.33396911621094,165.11886596679688,164.04501342773438
75,43,98,83,43,63,35,26,26,-42.59794235229492,-31.50077247619629,0.31999820470809937,26.462928771972656,50.65641784667969,17.503135681152344,16.08302879333496,-39.311485290527344,-56.675140380859375,-53.00107955932617,-35.32447814941406,41.18424606323242,156.547607421875,186.53662109375,187.05433654785156,177.9439697265625,162.8363494873047,163.84722900390625
76,39,94,77,42,60,35,28,25,-42.793800354003906,-30.471824645996094,0.41832906007766724,24.052005767822266,48.768157958984375,17.278709411621094,16.171689987182617,-38.902740478515625,-56.59590148925781,-52.75054931640625,-35.14204788208008,41.534767150878906,156.5279541015625,191.24282836914062,187.48797607421875,173.0778045654297,159.61402893066406,163.7501220703125
77,36,73,79,41,59,34,26,24,-43.133365631103516,-28.324676513671875,0.5253894925117493,19.23481559753418,44.40858840942383,17.047128677368164,16.357667922973633,-37.74764633178711,-56.4373664855957,-51.22068405151367,-34.14179992675781,42.239871978759766,156.50132751464844,198.17431640625,188.0530242919922,163.20248413085938,153.2991180419922,163.72579956054688
78,36,75,128,45,58,36,27,24,-43.20338821411133,-27.445650100708008,0.5354136824607849,18.13606071472168,42.99073791503906,16.949886322021484,16.40397071838379,-37.295127868652344,-56.39398956298828,-50.61316680908203,-33.636959075927734,42.48454666137695,156.5017852783203,200.32571411132812,188.1479034423828,161.16200256347656,151.5388641357422,163.7289276123047
79,40,84,211,69,69,34,26,27,-43.23832702636719,-26.884366989135742,0.5046223998069763,17.750818252563477,42.26366424560547,16.909677505493164,16.428421020507812,-37.0307502746582,-56.33892822265625,-50.32538986206055,-33.321922302246094,42.62835693359375,156.50186157226562,201.53536987304688,188.20787048339844,160.520263671875,150.7400360107422,163.77011108398438
80,43,92,249,68,59,36,28,25,-43.2636833190918,-26.588369369506836,0.17040175199508667,17.640439987182617,42.026058197021484,16.815292358398438,16.446361541748047,-37.04096603393555,-56.23572540283203,-50.20334243774414,-33.14621353149414,42.67245864868164,156.5015411376953,202.07508850097656,187.84666442871094,160.2801055908203,150.55380249023438,164.003173828125
81,47,98,287,73,62,37,29,29,-43.2958869934082,-26.565452575683594,-1.43573796749115,17.87329864501953,42.29783248901367,16.735586166381836,16.468725204467773,-37.15657424926758,-55.91096878051758,-50.335594177246094,-33.123199462890625,42.663673400878906,156.5033416748047,202.068603515625,184.935546875,161.2382049560547,151.21701049804688,164.1671142578125
82,46,105,324,75,63,40,32,29,-43.35011672973633,-26.725147247314453,-3.9793336391448975,18.4169864654541,43.14419937133789,16.6462345123291,16.505380630493164,-37.417213439941406,-55.26559066772461,-50.551780700683594,-33.224815368652344,42.625980377197266,156.5145721435547,201.42095947265625,179.55995178222656,162.85372924804688,152.8090057373047,164.33346557617188
83,46,100,328,74,66,38,33,31,-43.55623245239258,-28.886571884155273,-6.496703147888184,20.6884765625,45.69662094116211,16.492223739624023,16.63802719116211,-38.907562255859375,-54.59986114501953,-51.113040924072266,-33.41508483886719,42.50204086303711,156.58026123046875,193.39669799804688,173.52352905273438,167.92417907714844,157.60662841796875,164.74610900878906
84,43,90,293,50,51,38,33,28,-43.683101654052734,-30.8068904876709,-6.7126336097717285,22.230857849121094,46.97455978393555,16.504695892333984,16.72068977355957,-39.418067932128906,-54.60422134399414,-51.37821578979492,-33.42607116699219,42.455955505371094,156.62413024902344,185.90994262695312,172.6981201171875,171.2642364501953,160.1712646484375,165.01373291015625
85,39,79,264,47,51,35,33,28,-43.803688049316406,-32.62591552734375,-6.438560485839844,23.734291076660156,48.09916305541992,16.592214584350586,16.805025100708008,-39.09069061279297,-54.76402282714844,-51.517234802246094,-33.386558532714844,42.469600677490234,156.6747589111328,177.8641815185547,173.13641357421875,174.71058654785156,162.5392303466797,165.1641082763672
86,34,74,225,44,47,34,32,26,-43.91822052001953,-33.66176986694336,-5.839774131774902,24.978246688842773,49.06756591796875,16.668954849243164,16.891420364379883,-38.31774139404297,-54.97892379760742,-51.49274444580078,-33.298770904541016,42.51903533935547,156.73284912109375,172.29335021972656,174.461669921875,177.7698974609375,164.73721313476562,165.2609405517578
87,35,74,166,47,46,37,28,25,-44.02933120727539,-34.11540222167969,-5.0716705322265625,25.76313018798828,49.79481506347656,16.714574813842773,16.97887420654297,-37.77402877807617,-55.19657897949219,-51.41350555419922,-33.191261291503906,42.549774169921875,156.79440307617188,169.7059783935547,176.26304626464844,179.87564086914062,166.55426025390625,165.30674743652344
88,34,75,122,43,43,37,29,27,-44.14335632324219,-34.256202697753906,-4.275691986083984,26.229656219482422,50.225406646728516,16.735902786254883,17.069982528686523,-37.52732467651367,-55.367733001708984,-51.32216262817383,-33.09859848022461,42.567047119140625,156.8591766357422,168.7472686767578,178.1763153076172,181.25485229492188,167.81643676757812,165.29254150390625
89,41,80,96,48,37,37,26,26,-44.338077545166016,-34.26191711425781,-2.7939350605010986,26.575294494628906,50.58368682861328,16.69569969177246,17.219205856323242,-37.604522705078125,-55.54349899291992,-51.164920806884766,-33.02458572387695,42.44681167602539,156.95892333984375,169.17828369140625,182.15658569335938,182.8811798095703,169.20005798339844,164.9564208984375
90,45,92,89,51,37,37,24,29,-44.338077545166016,-34.26191711425781,-2.7939350605010986,26.575294494628906,50.58368682861328,16.69569969177246,17.219205856323242,-37.604522705078125,-55.54349899291992,-51.164920806884766,-33.02458572387695,42.44681167602539,156.95892333984375,169.17828369140625,182.15658569335938,182.8811798095703,169.20005798339844,164.9564208984375
91,45,110,94,47,39,36,25,28,-44.45413589477539,-34.13310241699219,-1.6103419065475464,26.55249786376953,50.23165512084961,16.491016387939453,17.289371490478516,-38.22499084472656,-55.46084976196289,-51.17914962768555,-33.201229095458984,42.199825286865234,156.9954376220703,175.33865356445312,186.4735870361328,183.1710205078125,168.80056762695312,164.19740295410156
92,43,106,90,41,34,30,24,29,-44.520164489746094,-33.482818603515625,-1.0541646480560303,26.26038360595703,49.5627326965332,16.396991729736328,17.31680679321289,-38.52293014526367,-55.31511306762695,-51.29787826538086,-33.364532470703125,42.21084213256836,156.98275756835938,180.80087280273438,188.5571746826172,182.3654022216797,167.5599822998047,163.9780731201172
93,44,106,89,42,35,31,24,28,-44.59657669067383,-32.48811721801758,-0.5866931676864624,25.41817855834961,48.29729461669922,16.316984176635742,17.336685180664062,-38.447547912597656,-55.09762954711914,-51.44041061401367,-33.49052810668945,42.385459899902344,156.9120635986328,186.48655700683594,190.24049377441406,179.8255615234375,165.34359741210938,163.90133666992188
94,36,104,95,37,38,31,24,30,-44.67127990722656,-31.212862014770508,-0.2923908829689026,23.728818893432617,46.356773376464844,16.258974075317383,17.35576057434082,-38.01853561401367,-54.89258575439453,-51.40583801269531,-33.43262481689453,42.679115295410156,156.80982971191406,191.61038208007812,191.12193298339844,175.13595581054688,161.99378967285156,163.89549255371094
95,34,100,106,34,48,33,25,28,-44.74687576293945,-29.94142723083496,-0.08593295514583588,21.69564437866211,44.250450134277344,16.257068634033203,17.38459587097168,-37.47461700439453,-54.71839141845703,-51.012691497802734,-33.14242172241211,42.952117919921875,156.7129364013672,195.6659698486328,191.58499145507812,169.60308837890625,158.3215789794922,163.99655151367188
96,31,76,110,34,47,31,25,27,-44.819908142089844,-28.85807991027832,0.030174266546964645,19.978912353515625,42.63604736328125,16.24653434753418,17.42183494567871,-36.99443817138672,-54.60516357421875,-50.46357727050781,-32.7607421875,43.14610290527344,156.64691162109375,198.81619262695312,191.77857971191406,165.41375732421875,155.36732482910156,164.1979217529297
97,33,78,158,35,53,35,24,26,-44.94129180908203,-27.42994499206543,-0.473366379737854,18.434110641479492,41.288002014160156,16.21087646484375,17.4920711517334,-36.77710723876953,-54.58530044555664,-49.86057662963867,-32.296142578125,43.239139556884766,156.5679473876953,201.82554626464844,190.6744384765625,161.98919677734375,152.69778442382812,164.57144165039062
98,34,85,186,36,52,36,25,26,-45.021629333496094,-25.132884979248047,-1.7460720539093018,19.13174819946289,42.133724212646484,16.425600051879883,17.527408599853516,-38.71883773803711,-55.35719299316406,-49.65323257446289,-32.229000091552734,42.9498291015625,156.54019165039062,197.92616271972656,175.51889038085938,158.49923706054688,152.08164978027344,165.2713165283203
99,33,92,259,50,51,35,29,27,-45.11954116821289,-24.270614624023438,-3.731722116470337,20.235401153564453,43.07262420654297,16.5861873626709,17.558576583862305,-39.30842971801758,-54.440467834472656,-49.88146209716797,-32.55474090576172,42.591304779052734,156.5326385498047,195.57293701171875,166.59873962402344,159.03671264648438,152.5448455810547,166.14871215820312
100,33,90,282,54,44,32,32,32,-45.21462631225586,-24.739337921142578,-4.9709649085998535,20.99175453186035,44.13889694213867,16.55728530883789,17.575529098510742,-39.61077117919922,-53.62613296508789,-50.16525650024414,-33.064571380615234,42.29102325439453,156.5288543701172,193.23968505859375,164.71484375,161.33340454101562,154.12940979003906,166.97447204589844
101,35,93,297,58,49,34,31,34,-45.29638671875,-26.448524475097656,-4.8363142013549805,21.86263656616211,45.351043701171875,16.500476837158203,17.581697463989258,-39.92499542236328,-53.84108352661133,-50.522369384765625,-33.60382843017578,41.964759826660156,156.52267456054688,186.9515838623047,165.9902801513672,164.10226440429688,156.41107177734375,167.73484802246094
102,32,86,276,57,51,33,32,34,-45.35382080078125,-27.836729049682617,-4.520874500274658,22.978628158569336,46.73509979248047,16.526052474975586,17.582233428955078,-39.74679183959961,-54.135284423828125,-50.932273864746094,-34.11894226074219,41.7225341796875,156.5162353515625,181.049072265625,167.3131866455078,167.18960571289062,159.174072265625,168.27320861816406
103,32,78,263,59,50,31,32,34,-45.43333435058594,-30.256406784057617,-3.792309045791626,25.690902709960938,49.17338562011719,16.718608856201172,17.588542938232422,-37.4425048828125,-54.60424041748047,-51.74409484863281,-34.8185920715332,41.60475158691406,156.50437927246094,169.269775390625,169.38096618652344,174.03668212890625,164.10377502441406,168.7971954345703
104,33,67,196,53,51,29,30,32,-45.44890213012695,-30.7864990234375,-3.475078821182251,26.58917999267578,50.150123596191406,16.804771423339844,17.59190559387207,-36.362552642822266,-54.753700256347656,-51.941165924072266,-35.017093658447266,41.61996078491211,156.50289916992188,166.0670623779297,170.4221649169922,176.79376220703125,166.17127990722656,168.9392547607422
105,33,65,152,51,58,30,25,31,-45.46711349487305,-31.008127212524414,-3.1099541187286377,27.068544387817383,50.769813537597656,16.820613861083984,17.59630012512207,-35.85615539550781,-54.87641143798828,-52.02558135986328,-35.147457122802734,41.61737060546875,156.50318908691406,164.80430603027344,171.9297332763672,178.50576782226562,167.6365966796875,168.94830322265625
106,32,66,107,48,55,30,26,31,-45.49238586425781,-31.13027572631836,-2.6014585494995117,27.17557716369629,51.07313537597656,16.78484535217285,17.600881576538086,-35.82719421386719,-55.01401901245117,-52.040279388427734,-35.26576614379883,41.531578063964844,156.5052490234375,165.06085205078125,174.44674682617188,179.76419067382812,168.7568359375,168.69627380371094
107,33,73,103,50,49,26,26,33,-45.523712158203125,-31.354843139648438,-2.047142267227173,27.08000373840332,51.12385559082031,16.70711326599121,17.603965759277344,-35.93768310546875,-55.123844146728516,-52.06365966796875,-35.42009735107422,41.349788665771484,156.5120086669922,165.9951934814453,177.74708557128906,180.69322204589844,169.41424560546875,168.1925506591797
108,36,79,94,51,52,28,24,31,-45.566131591796875,-31.632179260253906,-1.6925404071807861,26.832006454467773,50.87903594970703,16.593650817871094,17.605165481567383,-36.33318328857422,-55.1853141784668,-52.16912841796875,-35.6321907043457,41.0656623840332,156.5301513671875,168.4660186767578,181.0820770263672,181.18804931640625,169.4200439453125,167.57708740234375
109,34,86,71,47,51,28,20,32,-45.61592483520508,-31.562923431396484,-1.5856373310089111,26.43242645263672,50.25462341308594,16.501117706298828,17.603578567504883,-36.99424362182617,-55.17133331298828,-52.31838607788086,-35.91333770751953,40.89455795288086,156.55921936035156,173.01853942871094,183.88381958007812,181.01866149902344,168.6701202392578,167.0406036376953
110,32,84,69,46,41,28,27,31,-45.65833282470703,-30.256311416625977,-1.1002178192138672,24.94477081298828,46.39612579345703,16.343753814697266,17.587913513183594,-37.779869079589844,-54.97336196899414,-52.50264358520508,-36.236305236816406,41.08964157104492,156.57809448242188,184.40713500976562,188.4942169189453,178.26434326171875,163.05020141601562,166.60040283203125
111,34,91,68,43,45,27,27,29,-45.67184066772461,-29.4990177154541,-0.9542936086654663,23.10099220275879,42.69401931762695,16.240171432495117,17.573345184326172,-37.62812423706055,-54.8504638671875,-52.219642639160156,-35.703277587890625,41.456546783447266,156.58018493652344,189.78956604003906,189.06948852539062,173.8854522705078,157.8152313232422,166.62747192382812
112,36,97,65,40,53,30,26,27,-45.68561935424805,-28.747373580932617,-0.8634868860244751,20.013599395751953,38.27473831176758,16.12145233154297,17.55801010131836,-37.3272590637207,-54.74876022338867,-51.06181335449219,-34.22475051879883,42.003997802734375,156.5840606689453,193.61849975585938,188.91659545898438,166.5491485595703,151.7345733642578,166.7969512939453
113,41,95,55,34,63,32,30,29,-45.6964225769043,-28.080739974975586,-0.8729641437530518,16.927209854125977,34.355140686035156,16.006629943847656,17.55108642578125,-37.1143913269043,-54.67386245727539,-49.26972961425781,-32.079437255859375,42.559120178222656,156.588623046875,195.98153686523438,188.0714111328125,159.59146118164062,146.42079162597656,167.01300048828125
114,41,91,74,33,64,34,30,30,-45.70591354370117,-27.64228630065918,-1.4209041595458984,13.079237937927246,30.0357608795166,15.892976760864258,17.550432205200195,-37.10735321044922,-54.62888717651367,-46.409828186035156,-29.09671401977539,42.96775436401367,156.5911407470703,197.62521362304688,185.80355834960938,151.77191162109375,141.0387725830078,167.17431640625
115,42,101,94,34,69,37,27,28,-45.70591354370117,-27.64228630065918,-1.4209041595458984,13.079237937927246,30.0357608795166,15.892976760864258,17.550432205200195,-37.10735321044922,-54.62888717651367,-46.409828186035156,-29.09671401977539,42.96775436401367,156.5911407470703,197.62521362304688,185.80355834960938,151.77191162109375,141.0387725830078,167.17431640625
116,45,99,163,35,67,41,26,29,-45.709869384765625,-27.735570907592773,-3.7698845863342285,10.442262649536133,27.792373657226562,15.840378761291504,17.551406860351562,-37.338924407958984,-54.36267852783203,-44.32661437988281,-27.697046279907227,42.96711349487305,156.59120178222656,197.2392578125,181.3329620361328,147.26361083984375,139.0905303955078,167.11892700195312
117,52,95,212,41,63,40,27,32,-45.71120071411133,-28.248741149902344,-8.519819259643555,9.907476425170898,27.071895599365234,15.763399124145508,17.552112579345703,-37.59224319458008,-52.518314361572266,-43.85268783569336,-27.22239112854004,42.87651443481445,156.5909881591797,195.83326721191406,171.39291381835938,145.8448486328125,138.35281372070312,167.1593017578125
118,47,95,259,46,51,39,24,30,-45.712406158447266,-29.79420280456543,-12.671931266784668,9.613380432128906,26.686609268188477,15.575289726257324,17.55303192138672,-37.93890380859375,-49.616539001464844,-43.67229080200195,-26.984176635742188,42.6590576171875,156.5911407470703,191.10888671875,160.41456604003906,144.447998046875,137.72276306152344,167.04354858398438
119,47,93,262,50,52,37,25,29,-45.71424102783203,-33.62916946411133,-14.555585861206055,9.772049903869629,27.04242706298828,15.320469856262207,17.554662704467773,-37.02320861816406,-47.67530059814453,-44.2172737121582,-27.471492767333984,42.269527435302734,156.59178161621094,178.11972045898438,154.16062927246094,144.3967742919922,138.32496643066406,167.04244995117188
120,48,84,271,56,47,35,24,28,-45.719234466552734,-36.10628128051758,-14.811965942382812,10.181597709655762,28.15366554260254,15.234453201293945,17.559898376464844,-34.08247756958008,-47.06385803222656,-44.925838470458984,-28.53072166442871,42.259822845458984,156.59678649902344,166.3444061279297,152.45242309570312,145.4841766357422,140.0975341796875,166.96656799316406
121,46,77,267,63,49,34,24,27,-45.7337760925293,-37.01649475097656,-14.665911674499512,10.842839241027832,29.844528198242188,15.243351936340332,17.576942443847656,-30.76873016357422,-47.05280685424805,-45.78509521484375,-29.880464553833008,42.29621505737305,156.61941528320312,158.6776123046875,152.24661254882812,147.24594116210938,142.62303161621094,166.94586181640625
122,38,70,234,61,48,36,26,26,-45.78593063354492,-37.11433410644531,-13.651233673095703,13.124390602111816,34.54729080200195,15.311108589172363,17.644760131835938,-27.00331687927246,-47.79533386230469,-47.860931396484375,-32.597198486328125,42.396453857421875,156.71043395996094,151.3514404296875,153.5386505126953,152.57522583007812,149.0497283935547,166.81797790527344
123,34,66,183,59,49,36,26,26,-45.807918548583984,-36.525794982910156,-12.700547218322754,14.59510326385498,37.07998275756836,15.282293319702148,17.67214584350586,-26.817285537719727,-48.65652847290039,-48.85095977783203,-33.58372116088867,42.422088623046875,156.74444580078125,150.19863891601562,155.41934204101562,155.84849548339844,152.4876708984375,166.59645080566406
124,36,80,180,57,49,39,26,26,-45.82847213745117,-35.70637893676758,-11.4087553024292,16.175132751464844,39.38999938964844,15.219223022460938,17.69332504272461,-27.4559326171875,-49.78995895385742,-49.688655853271484,-34.215789794921875,42.40666961669922,156.7711944580078,150.26547241210938,158.35940551757812,159.59812927246094,155.79403686523438,166.12911987304688
125,42,81,156,53,50,39,25,26,-45.84375762939453,-35.04227066040039,-9.918856620788574,17.534215927124023,41.13810348510742,15.15986156463623,17.704730987548828,-28.402801513671875,-51.10408020019531,-50.29188919067383,-34.5713005065918,42.299251556396484,156.78872680664062,151.21278381347656,162.40206909179688,163.3156280517578,158.49172973632812,165.6241455078125
126,38,81,93,43,46,36,26,26,-45.85239791870117,-34.824214935302734,-8.567914962768555,18.45441246032715,42.18967819213867,15.06871223449707,17.708606719970703,-30.107641220092773,-52.245662689208984,-50.675621032714844,-34.78274154663086,42.098365783691406,156.79827880859375,154.3016357421875,166.79168701171875,166.26760864257812,160.21755981445312,165.222412109375
127,39,85,83,42,47,34,24,26,-45.85881805419922,-34.739315032958984,-7.411596298217773,18.953088760375977,42.7396354675293,15.038256645202637,17.710378646850586,-32.47003173828125,-53.169368743896484,-50.89384841918945,-34.93899154663086,41.90945816040039,156.804931640625,160.0590057373047,171.5777587890625,168.12396240234375,160.82923889160156,164.9077911376953
128,40,87,75,43,44,31,25,26,-45.87800216674805,-34.29914474487305,-5.971455097198486,19.09280776977539,41.930274963378906,15.043028831481934,17.709060668945312,-36.090057373046875,-54.09272766113281,-51.047447204589844,-34.84965515136719,41.77267837524414,156.81088256835938,174.3474884033203,179.69644165039062,169.040771484375,158.14410400390625,164.66859436035156
129,41,78,66,43,43,29,24,26,-45.89891815185547,-33.795936584472656,-5.459155559539795,18.57330894470215,40.277984619140625,15.012453079223633,17.699689865112305,-36.57956314086914,-54.056365966796875,-50.78278350830078,-34.22776794433594,42.011653900146484,156.80239868164062,180.41905212402344,182.0659637451172,167.56472778320312,154.9449005126953,164.84539794921875
130,38,85,90,43,44,33,26,26,-45.920127868652344,-32.95964813232422,-4.909093379974365,17.45516014099121,37.83967971801758,14.997329711914062,17.689172744750977,-36.52014923095703,-53.81266784667969,-49.958736419677734,-33.00469970703125,42.51604461669922,156.79666137695312,186.10720825195312,183.63296508789062,164.42947387695312,151.0276336669922,165.33584594726562
131,41,86,113,45,44,34,24,26,-45.94892120361328,-31.89357566833496,-4.415586948394775,15.478202819824219,35.65180587768555,15.005057334899902,17.682504653930664,-36.194252014160156,-53.482547760009766,-48.23649978637695,-31.486541748046875,43.195350646972656,156.8034210205078,190.86314392089844,184.61990356445312,159.6907501220703,147.7421875,166.09019470214844
132,41,87,145,45,47,34,23,25,-46.019832611083984,-30.54096031188965,-4.339396953582764,12.909148216247559,33.55129623413086,14.99263858795166,17.68556022644043,-35.66481399536133,-53.05180358886719,-45.482818603515625,-29.662250518798828,43.77980041503906,156.84896850585938,197.11509704589844,185.4933624267578,153.78201293945312,144.9728546142578,167.1346893310547
133,44,104,207,51,61,42,22,23,-46.019832611083984,-30.54096031188965,-4.339396953582764,12.909148216247559,33.55129623413086,14.99263858795166,17.68556022644043,-35.66481399536133,-53.05180358886719,-45.482818603515625,-29.662250518798828,43.77980041503906,156.84896850585938,197.11509704589844,185.4933624267578,153.78201293945312,144.9728546142578,167.1346893310547
134,44,104,266,58,68,43,27,23,-46.05198669433594,-30.4022216796875,-4.7373433113098145,12.468374252319336,33.30076217651367,14.948724746704102,17.689416885375977,-35.74653244018555,-53.0891227722168,-45.122650146484375,-29.45023536682129,43.66358184814453,156.86822509765625,198.45167541503906,185.3698272705078,153.0733642578125,144.76939392089844,167.4680938720703
135,40,106,301,59,67,39,26,24,-46.17377853393555,-31.754793167114258,-9.36864185333252,13.314643859863281,34.974727630615234,14.538586616516113,17.696269989013672,-36.9166259765625,-52.695228576660156,-46.347625732421875,-30.60118865966797,42.56584548950195,156.91253662109375,198.1993408203125,177.3229522705078,155.6913604736328,147.71112060546875,168.95790100097656
136,37,105,332,62,67,39,29,27,-46.29685592651367,-32.57041931152344,-10.560730934143066,15.138092994689941,37.45298767089844,14.294511795043945,17.70616912841797,-37.778438568115234,-52.20180892944336,-47.965641021728516,-31.89178466796875,42.11919403076172,156.95669555664062,195.32151794433594,172.55825805664062,160.21421813964844,152.0386505126953,169.65457153320312
137,36,100,326,63,69,42,32,29,-46.47170639038086,-33.563812255859375,-10.332749366760254,17.542285919189453,40.2225227355957,14.240460395812988,17.739988327026367,-38.412109375,-52.26438522338867,-49.61163330078125,-33.061767578125,41.91486740112305,157.0384063720703,188.0240020751953,171.4626922607422,166.2180938720703,157.1353759765625,170.0575714111328
138,32,84,294,58,58,34,32,30,-46.649959564208984,-34.874298095703125,-9.729320526123047,19.632333755493164,42.54949951171875,14.367656707763672,17.797870635986328,-37.50795364379883,-52.422157287597656,-50.60171127319336,-33.75695037841797,42.002071380615234,157.1482696533203,178.0142364501953,171.796630859375,171.7319793701172,161.6555938720703,170.25013732910156
139,31,85,252,49,51,36,28,32,-46.76096725463867,-35.175811767578125,-8.714961051940918,21.311681747436523,44.55862045288086,14.583290100097656,17.845378875732422,-35.60731506347656,-52.79681396484375,-50.98420715332031,-34.03375244140625,42.21662521362305,157.22418212890625,169.48867797851562,173.72244262695312,176.43307495117188,165.84068298339844,170.4022979736328
140,30,73,204,47,48,37,28,34,-46.828697204589844,-34.95967102050781,-7.5612664222717285,22.71773910522461,46.315338134765625,14.888092994689941,17.886566162109375,-33.37847137451172,-53.0869255065918,-50.911861419677734,-33.94363021850586,42.63007736206055,157.2677764892578,163.07711791992188,176.45362854003906,180.88783264160156,169.8563232421875,170.5624237060547
141,32,76,133,42,49,38,28,30,-46.938018798828125,-34.19514083862305,-5.837224960327148,23.78562355041504,48.3117790222168,15.230485916137695,17.985177993774414,-30.433671951293945,-53.2695426940918,-50.36382293701172,-33.50044250488281,43.19582748413086,157.3389892578125,156.5973663330078,181.20095825195312,185.99009704589844,174.72842407226562,170.5755157470703
142,32,89,117,42,41,34,25,32,-46.938018798828125,-34.19514083862305,-5.837224960327148,23.78562355041504,48.3117790222168,15.230485916137695,17.985177993774414,-30.433671951293945,-53.2695426940918,-50.36382293701172,-33.50044250488281,43.19582748413086,157.3389892578125,156.5973663330078,181.20095825195312,185.99009704589844,174.72842407226562,170.5755157470703
143,37,100,112,39,41,34,25,32,-47.04822540283203,-34.45691680908203,-4.673488140106201,23.987159729003906,48.8272590637207,14.962885856628418,18.070892333984375,-30.373292922973633,-53.527984619140625,-50.18876647949219,-33.511653900146484,42.96148681640625,157.42465209960938,156.60995483398438,185.8294219970703,188.1795196533203,175.73138427734375,169.825439453125
144,36,117,85,43,52,35,25,31,-47.1003303527832,-35.32209396362305,-4.303182125091553,23.95071792602539,48.69580078125,14.691389083862305,18.09219741821289,-30.812971115112305,-53.65302658081055,-50.312503814697266,-33.70359420776367,42.582088470458984,157.47494506835938,158.34063720703125,188.25,188.5686492919922,175.3125762939453,169.09217834472656
145,36,115,77,46,60,38,27,28,-47.1423454284668,-36.66911315917969,-4.024529457092285,23.787912368774414,48.177024841308594,14.386549949645996,18.096248626708984,-31.71531867980957,-53.775787353515625,-50.55097961425781,-34.14356231689453,42.065250396728516,157.51675415039062,162.19493103027344,190.8043212890625,188.21536254882812,173.9373779296875,168.18922424316406
146,35,119,71,47,59,37,26,30,-47.16874694824219,-37.397823333740234,-3.9009969234466553,23.327987670898438,47.06437301635742,14.220531463623047,18.09305191040039,-33.42758560180664,-53.82023620605469,-50.85023498535156,-34.63348388671875,41.879676818847656,157.5343780517578,169.241455078125,192.9171600341797,187.1783447265625,171.40061950683594,167.8548126220703
147,35,118,74,48,59,35,26,30,-47.23082733154297,-35.99901580810547,-3.8291869163513184,19.95746612548828,41.514610290527344,14.005797386169434,18.054784774780273,-36.065956115722656,-53.533992767333984,-50.980751037597656,-34.39500427246094,42.37952423095703,157.5338897705078,185.78070068359375,195.93385314941406,179.9470977783203,161.90576171875,167.94813537597656
148,28,110,78,47,60,37,28,30,-47.23082733154297,-35.99901580810547,-3.8291869163513184,19.95746612548828,41.514610290527344,14.005797386169434,18.054784774780273,-36.065956115722656,-53.533992767333984,-50.980751037597656,-34.39500427246094,42.37952423095703,157.5338897705078,185.78070068359375,195.93385314941406,179.9470977783203,161.90576171875,167.94813537597656
149,30,98,113,45,49,35,26,30,-47.26882553100586,-33.951393127441406,-3.508326292037964,12.892993927001953,34.887447357177734,13.704455375671387,18.05466651916504,-35.030181884765625,-52.916378021240234,-47.001617431640625,-30.133167266845703,44.914310455322266,157.5475311279297,193.1632843017578,194.3726348876953,162.8912811279297,150.09315490722656,168.47109985351562
150,33,101,132,38,42,31,23,30,-47.277591705322266,-33.589752197265625,-3.5990562438964844,11.514967918395996,33.645023345947266,13.634319305419922,18.058795928955078,-34.91460037231445,-52.668128967285156,-45.83103561401367,-29.06354331970215,45.28214645385742,157.55259704589844,194.46694946289062,193.54151916503906,159.9581298828125,148.27732849121094,168.71432495117188
151,38,99,185,47,51,36,26,31,-47.28236389160156,-33.237152099609375,-4.000755310058594,11.045872688293457,33.276092529296875,13.625767707824707,18.061138153076172,-34.925270080566406,-52.50675582885742,-45.42512130737305,-28.785612106323242,45.28923797607422,157.55523681640625,195.90452575683594,192.53207397460938,158.69276428222656,147.7957763671875,168.72451782226562
152,43,94,205,43,57,43,27,33,-47.2860107421875,-33.124507904052734,-4.864075660705566,10.98817253112793,33.238468170166016,13.60768985748291,18.063032150268555,-35.01374435424805,-52.377994537353516,-45.38777542114258,-28.75442123413086,45.23896026611328,157.5572052001953,196.45248413085938,190.92564392089844,158.44305419921875,147.76861572265625,168.77301025390625
153,44,92,211,45,54,43,30,35,-47.29313278198242,-33.678802490234375,-6.875682830810547,11.982768058776855,34.06342697143555,13.467958450317383,18.066612243652344,-35.45552062988281,-52.234920501708984,-46.50908660888672,-29.161928176879883,44.909305572509766,157.5603485107422,195.64761352539062,187.20240783691406,161.23619079589844,148.8349151611328,169.08065795898438
154,42,88,208,49,58,43,31,38,-47.308494567871094,-34.29938507080078,-9.872367858886719,13.119248390197754,36.469444274902344,13.3450927734375,18.074403762817383,-36.06637191772461,-51.80825424194336,-47.60074996948242,-30.1944580078125,44.50730514526367,157.56666564941406,194.162841796875,180.3130645751953,164.3575897216797,151.8233184814453,169.56166076660156
155,41,91,196,53,56,44,35,38,-47.37166213989258,-36.123870849609375,-11.930865287780762,15.220817565917969,42.058380126953125,13.389022827148438,18.114059448242188,-36.404109954833984,-51.45792007446289,-48.79857635498047,-31.87961769104004,44.30472946166992,157.6073760986328,183.8136749267578,174.13543701171875,169.374755859375,159.1602020263672,169.84103393554688
156,38,84,151,45,51,43,35,35,-47.42310333251953,-37.37002182006836,-11.922861099243164,16.382427215576172,44.09088897705078,13.46625804901123,18.152931213378906,-35.02415466308594,-51.53162384033203,-49.2094841003418,-32.21516418457031,44.32716751098633,157.65374755859375,174.48265075683594,173.7371826171875,172.05209350585938,162.0189208984375,169.8454132080078
157,39,83,141,45,48,40,36,34,-47.45627212524414,-37.74165725708008,-11.641288757324219,17.44907569885254,45.85005187988281,13.759334564208984,18.184785842895508,-32.418148040771484,-51.637996673583984,-49.43553924560547,-32.279109954833984,44.488616943359375,157.67889404296875,164.40347290039062,173.755859375,174.4075469970703,164.78729248046875,169.80978393554688
158,38,81,159,49,54,42,33,34,-47.49981689453125,-37.22287368774414,-11.326589584350586,18.007720947265625,47.081966400146484,14.007988929748535,18.23890495300293,-29.480663299560547,-51.696754455566406,-49.45317840576172,-32.19449996948242,44.675315856933594,157.69943237304688,156.22071838378906,173.70298767089844,175.56031799316406,166.96995544433594,169.6053466796875
159,39,77,190,52,50,43,31,27,-47.55607604980469,-36.68894958496094,-11.074109077453613,18.231998443603516,47.789764404296875,14.093242645263672,18.32431411743164,-27.036090850830078,-51.75613784790039,-49.43411636352539,-32.102542877197266,44.75676345825195,157.7056121826172,150.52012634277344,173.46630859375,175.8142547607422,168.19874572753906,169.27413940429688
160,38,79,191,49,50,40,29,27,-47.616432189941406,-36.12263488769531,-10.832110404968262,18.34592056274414,48.15480041503906,14.118366241455078,18.436628341674805,-25.571321487426758,-51.834896087646484,-49.41400909423828,-32.02708053588867,44.77490234375,157.67507934570312,146.9387664794922,173.15020751953125,175.60740661621094,168.62733459472656,168.74122619628906
161,40,82,192,49,47,39,27,28,-47.71269607543945,-36.06657791137695,-10.215280532836914,18.69810676574707,48.4920539855957,13.345155715942383,18.53076171875,-26.64671516418457,-52.3975944519043,-49.7496337890625,-32.2633056640625,43.852867126464844,157.56903076171875,145.53964233398438,173.35386657714844,175.20399475097656,167.689697265625,166.620361328125
162,36,80,176,48,46,35,24,26,-47.739585876464844,-36.39162826538086,-9.781177520751953,18.817054748535156,48.32304763793945,12.925491333007812,18.51854133605957,-27.74009895324707,-52.83000183105469,-49.943450927734375,-32.573612213134766,43.16717529296875,157.54299926757812,146.74588012695312,174.09127807617188,175.2161102294922,166.62884521484375,165.67025756835938
163,45,93,152,52,47,34,25,27,-47.759056091308594,-36.9398193359375,-9.297566413879395,18.8592472076416,47.82541275024414,12.53622817993164,18.4984073638916,-29.51910972595215,-53.32069396972656,-50.08076095581055,-32.988563537597656,42.44377517700195,157.52354431152344,149.8275909423828,175.1592254638672,175.2335662841797,165.15228271484375,164.9998321533203
164,47,95,89,50,51,32,26,27,-47.778587341308594,-37.51555252075195,-8.808714866638184,18.866315841674805,46.906192779541016,12.298576354980469,18.47591781616211,-32.49454116821289,-53.793453216552734,-50.16450881958008,-33.39028549194336,41.940555572509766,157.50343322753906,156.5235595703125,176.34921264648438,175.2169647216797,163.14694213867188,164.6365203857422
165,49,93,90,49,53,33,25,27,-47.80182647705078,-37.54045867919922,-8.360758781433105,18.84671401977539,45.485416412353516,12.214601516723633,18.445980072021484,-35.56964111328125,-54.183345794677734,-50.26983642578125,-33.59490966796875,41.764076232910156,157.47264099121094,165.45413208007812,177.40231323242188,175.10914611816406,160.40692138671875,164.4658203125
166,50,94,89,49,55,31,25,26,-47.88270950317383,-36.5281867980957,-7.699395656585693,18.503442764282227,42.34564208984375,12.233346939086914,18.310617446899414,-38.42913818359375,-54.65437316894531,-50.47340393066406,-33.178958892822266,41.93760299682617,157.29307556152344,180.00306701660156,178.98959350585938,173.90481567382812,154.89776611328125,164.46652221679688
167,47,102,97,49,57,33,26,26,-47.93226623535156,-35.51470184326172,-7.401779651641846,17.9383602142334,40.96315002441406,12.254712104797363,18.215370178222656,-38.71761703491211,-54.754661560058594,-50.40672302246094,-32.66252899169922,42.201622009277344,157.1652069091797,185.07675170898438,179.53627014160156,171.9455108642578,152.36766052246094,164.5881805419922
168,43,101,192,48,55,30,27,22,-47.996517181396484,-34.45870590209961,-7.1328301429748535,16.870155334472656,39.84016799926758,12.354729652404785,18.10331153869629,-38.70000457763672,-54.78620529174805,-49.962501525878906,-32.03376007080078,42.541603088378906,157.0191192626953,188.54588317871094,179.8698272705078,168.4392547607422,150.24781799316406,164.86245727539062
169,43,112,272,50,49,30,28,23,-48.061798095703125,-33.66556930541992,-6.938782691955566,15.58056926727295,39.12261962890625,12.393392562866211,18.002439498901367,-38.748863220214844,-54.792579650878906,-49.242496490478516,-31.516080856323242,42.752227783203125,156.89129638671875,190.5489044189453,180.02459716796875,164.4988555908203,148.85296630859375,165.17799377441406
170,43,116,306,52,50,31,28,26,-48.11963653564453,-33.1926155090332,-6.964138031005859,14.598097801208496,38.856842041015625,12.446294784545898,17.91657257080078,-38.903324127197266,-54.75944519042969,-48.623435974121094,-31.210521697998047,42.823272705078125,156.78189086914062,191.534912109375,179.80418395996094,161.57247924804688,148.2379913330078,165.55764770507812
171,40,116,327,53,60,37,34,34,-48.18205261230469,-33.024112701416016,-7.4504876136779785,14.144402503967285,38.98177719116211,12.447704315185547,17.83841896057129,-39.15560531616211,-54.53131866455078,-48.263553619384766,-31.107994079589844,42.81462478637695,156.6837921142578,191.5857696533203,178.10409545898438,159.98037719726562,148.27955627441406,165.9747772216797
172,40,109,356,61,61,39,39,36,-48.401763916015625,-33.700504302978516,-9.50340747833252,15.088912963867188,41.361080169677734,12.533751487731934,17.68980598449707,-39.89961624145508,-53.155982971191406,-48.585140228271484,-31.367950439453125,42.54686737060547,156.5192108154297,187.1369171142578,170.6896209716797,161.4405975341797,151.457275390625,167.20138549804688
173,41,98,327,57,60,42,41,42,-48.401763916015625,-33.700504302978516,-9.50340747833252,15.088912963867188,41.361080169677734,12.533751487731934,17.68980598449707,-39.89961624145508,-53.155982971191406,-48.585140228271484,-31.367950439453125,42.54686737060547,156.5192108154297,187.1369171142578,170.6896209716797,161.4405975341797,151.457275390625,167.20138549804688
174,38,79,265,52,68,46,45,45,-48.585567474365234,-35.241966247558594,-9.265902519226074,19.03348159790039,46.59468078613281,13.193488121032715,17.64217758178711,-37.153194427490234,-52.9465217590332,-49.7567138671875,-31.75475311279297,42.834774017333984,156.43247985839844,166.75247192382812,169.00242614746094,170.15611267089844,160.05625915527344,168.17262268066406
175,36,78,226,55,78,48,47,44,-48.615081787109375,-34.57461166381836,-8.585482597351074,21.06730079650879,48.960052490234375,13.7410888671875,17.64468002319336,-33.75982666015625,-53.08857345581055,-49.929779052734375,-31.65963363647461,43.303836822509766,156.40353393554688,157.38027954101562,170.38232421875,175.57058715820312,164.97549438476562,168.55230712890625
176,38,74,195,52,72,46,43,44,-48.63578414916992,-33.15849685668945,-7.888854503631592,22.21445083618164,50.531394958496094,14.021061897277832,17.651933670043945,-29.637781143188477,-53.21814727783203,-49.82658767700195,-31.45999526977539,43.671791076660156,156.3729248046875,148.83786010742188,172.15020751953125,179.4122772216797,169.20843505859375,168.7931671142578
177,42,85,142,48,72,46,40,45,-48.652103424072266,-31.876461029052734,-7.400848388671875,22.659343719482422,51.32611846923828,14.18435001373291,17.662193298339844,-25.727014541625977,-53.27240753173828,-49.67537307739258,-31.2900333404541,43.89108657836914,156.3408660888672,142.69879150390625,173.5616455078125,181.50254821777344,172.210693359375,168.8454132080078
178,37,89,116,46,70,43,37,39,-48.666988372802734,-31.017847061157227,-7.096136569976807,22.719013214111328,51.590538024902344,14.214472770690918,17.67458152770996,-23.051834106445312,-53.307899475097656,-49.605247497558594,-31.21143913269043,43.963294982910156,156.3014678955078,139.2180633544922,174.54324340820312,182.2969512939453,173.8285675048828,168.84356689453125
179,37,94,110,46,62,37,31,34,-48.67874526977539,-30.427276611328125,-6.896852016448975,22.617115020751953,51.54813766479492,14.176082611083984,17.688087463378906,-20.914031982421875,-53.344581604003906,-49.56656265258789,-31.18784523010254,44.02266311645508,156.251953125,136.77133178710938,175.30650329589844,182.48680114746094,174.309326171875,168.77783203125
180,40,97,116,43,48,36,29,31,-48.71495056152344,-32.12044906616211,-6.825099468231201,21.481430053710938,50.30030822753906,13.232165336608887,17.691558837890625,-19.300247192382812,-53.73122024536133,-50.040279388427734,-31.873023986816406,43.24711608886719,156.17727661132812,135.23085021972656,176.87527465820312,180.83950805664062,172.178466796875,167.41481018066406
181,38,97,128,47,48,33,27,29,-48.75579833984375,-34.92022705078125,-6.981170177459717,20.249286651611328,48.259803771972656,12.34069538116455,17.663084030151367,-19.87029266357422,-54.183349609375,-50.8390007019043,-33.019569396972656,42.014610290527344,156.16920471191406,136.03089904785156,177.66085815429688,178.84149169921875,168.7325439453125,166.28529357910156
182,33,98,147,46,40,28,25,26,-48.80472183227539,-37.770240783691406,-7.105437278747559,18.906972885131836,44.84542465209961,11.466337203979492,17.6136474609375,-22.311147689819336,-54.64455795288086,-51.83172607421875,-34.42502212524414,40.72943115234375,156.16726684570312,139.25022888183594,178.1912841796875,176.4492950439453,163.2989501953125,165.60585021972656
183,32,92,151,44,50,31,23,27,-48.861976623535156,-39.56539535522461,-7.159012794494629,17.350448608398438,41.479454040527344,10.921725273132324,17.552431106567383,-26.84955596923828,-55.03157424926758,-52.57875061035156,-35.163360595703125,39.98274230957031,156.17294311523438,145.66650390625,178.64646911621094,173.6013641357422,158.0806427001953,165.46554565429688
184,34,93,161,54,60,34,22,31,-48.91152572631836,-40.2234992980957,-7.217071533203125,15.781322479248047,39.31596374511719,10.709465980529785,17.49765968322754,-31.381187438964844,-55.33112716674805,-52.88250732421875,-35.24494171142578,39.67912673950195,156.17245483398438,153.0121612548828,179.0183563232422,170.73367309570312,154.74269104003906,165.45542907714844
185,30,85,187,54,61,35,20,31,-49.056461334228516,-39.684810638427734,-7.5555243492126465,13.711244583129883,37.476043701171875,10.683379173278809,17.354238510131836,-38.07756805419922,-55.80827713012695,-52.65042495727539,-34.82878112792969,39.62436294555664,156.1294708251953,168.5261993408203,179.51858520507812,166.6094512939453,151.67381286621094,165.49029541015625
186,45,131,247,67,70,42,24,31,-49.16709899902344,-38.835235595703125,-7.816441535949707,13.307330131530762,37.3464469909668,10.777399063110352,17.249298095703125,-39.93293380737305,-55.996551513671875,-52.4127311706543,-34.56440353393555,39.767799377441406,156.08570861816406,175.48463439941406,179.56695556640625,165.6199493408203,151.30453491210938,165.55982971191406
187,49,130,273,71,77,48,25,34,-49.28386306762695,-37.93441390991211,-8.11804485321045,13.368133544921875,37.639278411865234,10.934234619140625,17.13359260559082,-40.749568939208984,-56.13214874267578,-52.23780822753906,-34.369712829589844,39.94063949584961,156.03472900390625,179.31494140625,179.35165405273438,165.45379638671875,151.58082580566406,165.74053955078125
188,59,146,322,82,76,54,37,35,-49.42044448852539,-37.16691589355469,-8.489330291748047,13.795428276062012,38.51458740234375,11.11774730682373,17.005794525146484,-41.09886169433594,-56.18611145019531,-52.10806655883789,-34.220333099365234,40.119712829589844,155.9761962890625,180.66676330566406,178.69786071777344,165.9680938720703,152.81259155273438,166.15353393554688
189,58,146,331,76,69,52,38,34,-49.526771545410156,-36.51062774658203,-8.793950080871582,14.618685722351074,40.028873443603516,11.317181587219238,16.91551971435547,-41.286930084228516,-56.15647888183594,-51.993812561035156,-34.064979553222656,40.34743118286133,155.93455505371094,180.65924072265625,177.80303955078125,167.2108917236328,155.26832580566406,166.72813415527344
190,61,146,356,78,71,55,39,41,-49.5777587890625,-35.994956970214844,-8.910246849060059,15.969001770019531,42.011688232421875,11.590426445007324,16.876712799072266,-41.24751281738281,-56.095947265625,-51.89741516113281,-33.81552505493164,40.65083312988281,155.91607666015625,177.8245086669922,177.05355834960938,169.6653594970703,158.9260711669922,167.38375854492188
191,55,108,330,68,61,52,37,39,-49.60673522949219,-35.87556076049805,-8.853501319885254,17.77773666381836,44.03114700317383,12.070894241333008,16.856592178344727,-40.00725555419922,-56.017818450927734,-51.70429229736328,-33.42189407348633,41.12753677368164,155.90159606933594,170.89321899414062,176.60580444335938,173.546875,163.1695098876953,167.85621643066406
192,51,102,317,68,53,47,36,38,-49.63066482543945,-35.52692413330078,-8.593961715698242,19.52642822265625,45.660953521728516,12.415473937988281,16.83925437927246,-37.98044204711914,-55.96595001220703,-51.4039306640625,-33.009185791015625,41.511749267578125,155.8863525390625,163.47567749023438,176.6367645263672,177.83299255371094,166.88392639160156,168.09619140625
193,41,76,267,55,47,39,25,36,-49.67363739013672,-34.26643753051758,-6.742039680480957,22.086076736450195,47.85996627807617,12.872636795043945,16.805906295776367,-33.19602584838867,-55.69264602661133,-50.24698257446289,-31.916675567626953,42.513858795166016,155.84620666503906,153.16021728515625,180.2084503173828,184.89105224609375,172.42538452148438,168.23036193847656
194,39,73,257,57,46,40,24,35,-49.698612213134766,-34.030426025390625,-5.369781494140625,22.91466522216797,48.44382858276367,12.843181610107422,16.784130096435547,-32.18804168701172,-55.46048355102539,-49.810333251953125,-31.6072998046875,42.6256217956543,155.8241729736328,151.5874481201172,183.58444213867188,187.16165161132812,173.99778747558594,168.1615753173828
195,49,76,196,54,44,38,28,34,-49.73098373413086,-34.00941467285156,-4.2177534103393555,23.581459045410156,48.852779388427734,12.781672477722168,16.75349998474121,-31.864883422851562,-55.26171875,-49.5068473815918,-31.45091438293457,42.59684753417969,155.80014038085938,151.25221252441406,186.5892333984375,189.0043182373047,175.00320434570312,168.1217498779297
196,59,73,161,53,47,35,29,40,-49.76449966430664,-34.14519119262695,-3.3085780143737793,24.068008422851562,49.1157112121582,12.732032775878906,16.718612670898438,-31.90679168701172,-55.07365036010742,-49.27081298828125,-31.38446807861328,42.540504455566406,155.77996826171875,151.72181701660156,189.19650268554688,190.47055053710938,175.58950805664062,168.0799560546875
197,59,80,112,44,55,34,28,38,-49.81028747558594,-34.84743118286133,-2.4515061378479004,24.409423828125,49.146080017089844,12.571066856384277,16.667673110961914,-32.3653678894043,-54.88548278808594,-49.16501235961914,-31.575349807739258,42.13692092895508,155.7787322998047,153.65611267089844,192.1431427001953,191.8114776611328,175.7717742919922,167.83978271484375
198,64,93,101,45,55,35,29,39,-49.90155792236328,-36.45473098754883,-1.6445831060409546,24.671802520751953,48.94847869873047,12.285613059997559,16.559904098510742,-33.65183639526367,-54.8052978515625,-49.412471771240234,-32.03632354736328,41.11789321899414,155.8313446044922,158.2449951171875,195.64151000976562,192.79342651367188,175.42010498046875,167.2688446044922
199,66,91,82,45,64,35,36,43,-50.00015640258789,-38.611976623535156,-0.5579650402069092,24.399120330810547,47.29438400268555,12.052677154541016,16.37632942199707,-37.67332458496094,-54.8378791809082,-50.419620513916016,-33.65459442138672,39.7203254699707,155.8912353515625,174.7164306640625,201.86459350585938,191.57736206054688,171.99118041992188,166.98536682128906
200,58,89,101,47,64,34,44,39,-50.0250358581543,-37.73655319213867,-0.8947665691375732,22.69285774230957,45.00637435913086,12.025094032287598,16.28028678894043,-39.14249038696289,-54.53907775878906,-51.20100402832031,-34.386348724365234,39.77852249145508,155.87533569335938,183.98651123046875,203.70106506347656,187.6808319091797,168.33787536621094,167.01834106445312
201,44,92,122,45,65,35,52,32,-50.045188903808594,-35.592071533203125,-0.5708734393119812,19.105323791503906,40.95900344848633,12.108428955078125,16.16259765625,-38.59185791015625,-54.27759552001953,-51.139434814453125,-33.84805679321289,41.238372802734375,155.86512756347656,193.07586669921875,203.5937957763672,177.6524658203125,161.4410858154297,167.50611877441406
202,46,92,167,50,61,37,52,33,-50.05900573730469,-33.317325592041016,-0.3001737594604492,14.255125045776367,36.977298736572266,12.108522415161133,16.100881576538086,-37.769779205322266,-53.96903991699219,-48.73373031616211,-31.89518165588379,42.80256271362305,155.8706817626953,198.9349822998047,202.4949188232422,165.39376831054688,154.5585479736328,168.04457092285156
203,39,80,205,51,60,40,53,33,-50.06721878051758,-31.899499893188477,-0.5712360143661499,11.651068687438965,34.6561393737793,12.131983757019043,16.071992874145508,-37.29286575317383,-53.718746185302734,-46.58605194091797,-30.234474182128906,43.58583068847656,155.87615966796875,202.42247009277344,200.8017120361328,159.10317993164062,150.73121643066406,168.42515563964844
204,42,101,257,54,53,41,50,30,-50.071083068847656,-31.098987579345703,-1.674362063407898,10.292950630187988,33.76502990722656,12.220669746398926,16.060447692871094,-37.07425308227539,-53.57987976074219,-45.37400817871094,-29.30199432373047,43.96266555786133,155.8775177001953,204.2510528564453,197.98667907714844,156.40325927734375,149.0206756591797,168.63308715820312
205,43,102,271,50,52,39,41,26,-50.076934814453125,-30.66301727294922,-7.661284923553467,10.177071571350098,33.92910385131836,12.148584365844727,16.050710678100586,-37.44679641723633,-53.045780181884766,-44.896766662597656,-28.77045440673828,44.0512809753418,155.87991333007812,204.64820861816406,184.5151824951172,155.3965606689453,148.50323486328125,168.88674926757812
206,45,101,283,53,52,40,32,31,-50.076934814453125,-30.66301727294922,-7.661284923553467,10.177071571350098,33.92910385131836,12.148584365844727,16.050710678100586,-37.44679641723633,-53.045780181884766,-44.896766662597656,-28.77045440673828,44.0512809753418,155.87991333007812,204.64820861816406,184.5151824951172,155.3965606689453,148.50323486328125,168.88674926757812
207,42,99,284,52,51,40,35,31,-50.14879608154297,-31.98675537109375,-11.414453506469727,12.81615161895752,36.655033111572266,12.041990280151367,16.032915115356445,-38.39072799682617,-51.79882049560547,-46.67776107788086,-29.29286766052246,43.777183532714844,155.94140625,199.8546142578125,173.32177734375,161.53793334960938,151.05653381347656,169.0096435546875
208,50,103,289,53,55,35,35,35,-50.26295852661133,-33.90536880493164,-11.072427749633789,15.016860008239746,39.06169509887695,12.078737258911133,16.028423309326172,-38.80098342895508,-51.94091033935547,-47.731021881103516,-29.73444175720215,43.63141632080078,156.04742431640625,192.6420440673828,172.87110900878906,165.6459197998047,153.55201721191406,169.1183624267578
209,46,83,265,53,56,35,31,34,-50.40745162963867,-35.76449203491211,-10.442849159240723,17.62095832824707,41.85594940185547,12.251903533935547,16.0328426361084,-38.44087600708008,-52.219482421875,-48.57024383544922,-30.156225204467773,43.51850128173828,156.19813537597656,183.76223754882812,173.06512451171875,170.17437744140625,156.90260314941406,169.2786865234375
210,42,79,253,54,55,36,31,35,-50.4765625,-37.287784576416016,-9.397504806518555,20.11374282836914,44.732521057128906,12.600232124328613,16.03898048400879,-36.8622932434082,-52.57856369018555,-48.99171829223633,-30.393030166625977,43.570865631103516,156.26980590820312,174.8491973876953,174.2064971923828,174.99217224121094,161.02578735351562,169.37789916992188
211,42,77,250,54,49,37,26,30,-50.607826232910156,-37.42028045654297,-7.0077667236328125,23.0444278717041,49.32093811035156,13.178048133850098,16.061203002929688,-33.290523529052734,-53.27763366699219,-48.941410064697266,-30.274831771850586,43.79647445678711,156.43458557128906,161.9002685546875,177.9766387939453,182.2247314453125,169.30369567871094,169.40335083007812
212,42,74,223,56,48,35,23,28,-50.674564361572266,-37.01747512817383,-6.073163032531738,23.74464988708496,50.504364013671875,13.306772232055664,16.073888778686523,-32.25905227661133,-53.51864242553711,-48.80535888671875,-30.091259002685547,43.84835433959961,156.53738403320312,158.8453826904297,179.7328643798828,184.3920135498047,172.20303344726562,169.334716796875
213,40,83,186,61,49,37,24,24,-50.73461151123047,-36.7692756652832,-5.302051544189453,24.122285842895508,50.949283599853516,13.348154067993164,16.080829620361328,-31.731281280517578,-53.71930694580078,-48.696529388427734,-29.97954559326172,43.851924896240234,156.64450073242188,157.33615112304688,181.33460998535156,185.7972869873047,173.80111694335938,169.24818420410156
214,40,90,160,61,45,34,25,23,-50.78689193725586,-36.671260833740234,-4.663191318511963,24.162527084350586,51.031742095947266,13.340267181396484,16.078218460083008,-31.658477783203125,-53.89909744262695,-48.65888977050781,-29.98520851135254,43.77118682861328,156.73744201660156,156.77230834960938,182.94618225097656,186.61502075195312,174.6440887451172,169.07656860351562
215,40,93,143,60,45,32,26,22,-50.82632827758789,-36.94358825683594,-4.135498046875,23.948328018188477,50.83692932128906,13.098703384399414,16.052244186401367,-32.272010803222656,-54.221412658691406,-48.904884338378906,-30.310144424438477,43.265830993652344,156.79148864746094,157.1150360107422,185.06475830078125,187.1353302001953,174.9347686767578,168.50340270996094
216,37,103,106,62,42,31,28,22,-50.85710144042969,-38.37521743774414,-3.9096686840057373,23.573089599609375,50.133548736572266,12.587413787841797,16.018293380737305,-33.526084899902344,-54.78424835205078,-49.557891845703125,-31.119417190551758,42.0869140625,156.82603454589844,159.70870971679688,187.6284637451172,186.98223876953125,173.91879272460938,167.3289031982422
217,38,104,100,61,40,31,25,24,-50.87271499633789,-39.95339584350586,-3.878795623779297,22.926803588867188,48.52924346923828,12.198318481445312,15.98996639251709,-35.72128677368164,-55.3602294921875,-50.36924362182617,-32.28463363647461,41.14701843261719,156.84262084960938,166.96304321289062,189.57614135742188,185.5330352783203,170.87820434570312,166.44529724121094
218,32,95,94,54,45,34,23,23,-50.88665771484375,-38.89836502075195,-3.984732151031494,19.31187629699707,41.24363708496094,11.839264869689941,15.904623031616211,-38.63062286376953,-55.5452766418457,-51.12631607055664,-33.01170349121094,41.423213958740234,156.83200073242188,184.6931610107422,192.07107543945312,176.44622802734375,159.3703155517578,166.10861206054688
219,32,104,97,50,55,36,23,25,-50.88850021362305,-37.254024505615234,-3.9398553371429443,15.705367088317871,36.79933547973633,11.664993286132812,15.824531555175781,-38.437870025634766,-55.35155487060547,-49.66500473022461,-31.134197235107422,42.56839370727539,156.8020782470703,190.35902404785156,191.79649353027344,166.9943389892578,152.3872528076172,166.2504119873047
220,32,104,113,52,54,35,23,26,-50.88822555541992,-35.76974868774414,-3.90069842338562,11.87024974822998,34.04880142211914,11.53260326385498,15.760611534118652,-38.06911849975586,-55.08386993408203,-46.746429443359375,-29.05516242980957,43.57585906982422,156.77191162109375,194.00059509277344,191.26663208007812,157.43031311035156,147.94918823242188,166.4937744140625
221,37,101,182,49,56,34,20,27,-50.88909912109375,-34.701168060302734,-3.9888291358947754,9.85754108428955,32.96419143676758,11.513633728027344,15.730107307434082,-37.82225799560547,-54.82398223876953,-44.901546478271484,-27.938783645629883,44.08106994628906,156.75393676757812,196.6866455078125,190.6772003173828,153.37953186035156,146.32215881347656,166.77488708496094
222,42,116,232,49,60,39,23,27,-50.8917236328125,-33.50260543823242,-5.83004093170166,9.23045539855957,32.933021545410156,11.500088691711426,15.7022066116333,-37.91051483154297,-54.29564666748047,-44.10871505737305,-27.384429931640625,44.2440185546875,156.73007202148438,199.76991271972656,186.88491821289062,151.8601837158203,145.9200439453125,167.23770141601562
223,42,118,296,57,57,38,25,30,-50.8917236328125,-33.50260543823242,-5.83004093170166,9.23045539855957,32.933021545410156,11.500088691711426,15.7022066116333,-37.91051483154297,-54.29564666748047,-44.10871505737305,-27.384429931640625,44.2440185546875,156.73007202148438,199.76991271972656,186.88491821289062,151.8601837158203,145.9200439453125,167.23770141601562
224,42,104,308,58,50,39,27,30,-50.916133880615234,-33.92945098876953,-11.92227840423584,10.619757652282715,35.16294479370117,11.415475845336914,15.682787895202637,-38.5006217956543,-52.073692321777344,-45.39345169067383,-28.022754669189453,44.0371208190918,156.7145538330078,198.4115753173828,171.7703094482422,156.3989715576172,149.1092987060547,167.88160705566406
225,43,98,313,58,52,40,28,29,-50.96672821044922,-34.44803237915039,-13.063699722290039,12.08137321472168,37.27131271362305,11.419724464416504,15.673779487609863,-39.18631362915039,-51.196929931640625,-46.44839859008789,-28.65493392944336,43.901222229003906,156.7198028564453,194.07888793945312,167.7465057373047,160.6192626953125,152.21246337890625,168.15611267089844
226,40,93,306,59,52,38,29,28,-51.06189727783203,-35.41950607299805,-12.78823184967041,14.068514823913574,39.708927154541016,11.487115859985352,15.672945022583008,-39.60721206665039,-51.22878646850586,-47.412986755371094,-29.216693878173828,43.75649642944336,156.7453155517578,186.56735229492188,167.287109375,165.32400512695312,156.07347106933594,168.5643768310547
227,34,66,275,57,48,36,29,30,-51.15398406982422,-36.35036849975586,-12.15048885345459,16.213489532470703,41.961116790771484,11.696133613586426,15.672837257385254,-39.10126495361328,-51.550724029541016,-48.19630432128906,-29.59981346130371,43.67563247680664,156.76744079589844,178.446533203125,168.0202178955078,170.2156982421875,160.0027313232422,168.95635986328125
228,32,56,222,48,41,32,30,29,-51.195430755615234,-37.41483688354492,-11.295269966125488,18.09870719909668,43.99390411376953,11.966476440429688,15.674036026000977,-37.471412658691406,-52.0495491027832,-48.64082336425781,-29.818994522094727,43.705116271972656,156.7753448486328,170.5595703125,169.83506774902344,174.62124633789062,163.86074829101562,169.2962188720703
229,31,57,216,46,42,31,27,26,-51.2359504699707,-37.992652893066406,-10.308456420898438,19.461488723754883,45.7461051940918,12.180051803588867,15.677017211914062,-35.73939514160156,-52.5981559753418,-48.79583740234375,-29.876131057739258,43.796844482421875,156.7803192138672,165.01341247558594,172.3491668701172,177.97413635253906,167.219482421875,169.50033569335938
230,30,59,201,44,43,31,25,28,-51.311885833740234,-37.867637634277344,-8.59875774383545,20.925851821899414,47.772884368896484,12.466436386108398,15.691876411437988,-33.898956298828125,-53.33927536010742,-48.70073699951172,-29.727571487426758,43.989051818847656,156.78265380859375,160.1513214111328,177.19334411621094,182.21754455566406,171.6642608642578,169.6871337890625
231,27,59,158,42,47,34,24,29,-51.311885833740234,-37.867637634277344,-8.59875774383545,20.925851821899414,47.772884368896484,12.466436386108398,15.691876411437988,-33.898956298828125,-53.33927536010742,-48.70073699951172,-29.727571487426758,43.989051818847656,156.78265380859375,160.1513214111328,177.19334411621094,182.21754455566406,171.6642608642578,169.6871337890625
232,33,67,148,41,49,33,23,29,-51.39334487915039,-37.98207092285156,-7.285624980926514,21.274646759033203,48.13438034057617,12.463582992553711,15.705696105957031,-33.83642578125,-53.84520721435547,-48.68094253540039,-29.71372413635254,43.94970703125,156.78884887695312,160.18019104003906,181.2341766357422,183.50869750976562,172.62994384765625,169.66110229492188
233,33,71,121,45,54,35,20,28,-51.41682052612305,-38.591453552246094,-6.698563098907471,21.255964279174805,48.03704071044922,12.363778114318848,15.702099800109863,-34.79290771484375,-54.085304260253906,-48.79381561279297,-29.894044876098633,43.692874908447266,156.79367065429688,163.31764221191406,183.97438049316406,183.9596405029297,172.60519409179688,169.41452026367188
234,32,70,81,47,56,35,21,29,-51.43193435668945,-39.61420440673828,-6.245894908905029,21.137645721435547,47.42814254760742,12.127602577209473,15.693241119384766,-36.5251579284668,-54.3451042175293,-49.10441207885742,-30.34911346435547,43.17192840576172,156.79766845703125,170.47467041015625,187.01492309570312,183.953125,171.36256408691406,168.78482055664062
235,32,68,74,45,56,35,23,30,-51.44014358520508,-39.762542724609375,-5.963379383087158,20.833934783935547,46.08351516723633,11.9690523147583,15.685193061828613,-37.97795104980469,-54.55199432373047,-49.47703552246094,-30.922365188598633,42.7695198059082,156.7978057861328,179.24862670898438,189.4250946044922,183.00624084472656,168.48667907714844,168.12820434570312
236,32,62,71,47,55,33,24,29,-51.44350814819336,-38.00107192993164,-5.556519508361816,18.602020263671875,39.32213592529297,11.732869148254395,15.636064529418945,-38.38690185546875,-54.40414810180664,-49.645484924316406,-30.50908851623535,43.11917495727539,156.7611846923828,190.2535858154297,192.2374267578125,176.99771118164062,157.50816345214844,167.52804565429688
237,28,54,70,46,55,31,23,29,-51.44350814819336,-38.00107192993164,-5.556519508361816,18.602020263671875,39.32213592529297,11.732869148254395,15.636064529418945,-38.38690185546875,-54.40414810180664,-49.645484924316406,-30.50908851623535,43.11917495727539,156.7611846923828,190.2535858154297,192.2374267578125,176.99771118164062,157.50816345214844,167.52804565429688
238,26,56,71,44,53,32,24,29,-51.405330657958984,-34.59871292114258,-5.18742036819458,11.435823440551758,29.80698585510254,11.420797348022461,15.555858612060547,-36.5754508972168,-53.49667739868164,-45.505287170410156,-25.56404685974121,45.41701126098633,156.66043090820312,198.43179321289062,192.87142944335938,159.34500122070312,144.6893310546875,167.10069274902344
239,26,63,102,44,50,31,24,27,-51.39406967163086,-32.75251388549805,-5.129417896270752,8.073162078857422,26.418365478515625,11.35260009765625,15.549434661865234,-35.61623001098633,-53.20113754272461,-42.356624603271484,-23.14267921447754,46.3116569519043,156.6383514404297,202.3696746826172,192.74871826171875,151.8394012451172,141.0458221435547,166.9961395263672
240,33,78,176,52,59,37,22,27,-51.38882827758789,-31.547016143798828,-5.103961944580078,5.824732303619385,23.606718063354492,11.362357139587402,15.549491882324219,-34.803680419921875,-53.00113296508789,-39.84611129760742,-21.043411254882812,46.86925506591797,156.62802124023438,205.05467224121094,192.64183044433594,146.95269775390625,138.6121063232422,166.966552734375
241,34,82,231,58,57,36,21,31,-51.386505126953125,-30.928874969482422,-5.095974445343018,4.635354995727539,22.003053665161133,11.363516807556152,15.550352096557617,-34.43408966064453,-52.86581802368164,-38.399635314941406,-19.775714874267578,47.11593246459961,156.62315368652344,206.2309112548828,192.56387329101562,144.61351013183594,137.29043579101562,166.9628143310547
242,34,86,252,62,59,37,21,35,-51.38547134399414,-30.61039924621582,-5.093723773956299,4.254929542541504,21.574071884155273,11.36428451538086,15.551025390625,-34.36128234863281,-52.78920364379883,-37.902042388916016,-19.487712860107422,47.12852096557617,156.62045288085938,206.75369262695312,192.5238800048828,143.86260986328125,137.08534240722656,166.9740447998047
243,38,89,277,64,61,36,19,35,-51.38504409790039,-30.78626823425293,-5.129835605621338,4.464501857757568,21.7128849029541,11.291044235229492,15.552371978759766,-34.71266174316406,-52.69498062133789,-38.371212005615234,-19.977758407592773,46.66383361816406,156.61395263671875,206.8654022216797,192.4573211669922,144.07859802246094,137.63662719726562,167.0416717529297
244,41,93,298,63,63,40,21,36,-51.43141555786133,-34.00229263305664,-5.780093193054199,9.944015502929688,25.134382247924805,10.76704216003418,15.537940979003906,-36.7030143737793,-52.799461364746094,-44.99955368041992,-24.57482147216797,43.33029556274414,156.56826782226562,206.06858825683594,192.070068359375,155.2720947265625,143.89047241210938,168.1118621826172
245,39,87,270,57,61,39,23,37,-51.51209259033203,-35.772804260253906,-6.36610221862793,12.300079345703125,29.278057098388672,10.59189510345459,15.512967109680176,-38.19281768798828,-53.03679656982422,-48.232059478759766,-27.934494018554688,42.24625778198242,156.5082244873047,203.05821228027344,191.62161254882812,164.83935546875,150.6702880859375,168.7764892578125
246,40,84,227,50,61,40,23,34,-51.651973724365234,-37.324668884277344,-6.951065540313721,14.41690731048584,33.09922409057617,10.634589195251465,15.496475219726562,-40.084800720214844,-53.31970977783203,-50.02190017700195,-30.147842407226562,41.86235809326172,156.4452667236328,195.2181396484375,191.03306579589844,173.55880737304688,157.19837951660156,169.080810546875
